{"file_hashes":[{"block_hashes":["kLS9A/F6m+EpkXx0JjBDYaueZSxX3yGKh4C0Nz6NmP4=","MxRHW4jtmcUly8mPn1i10rVbF8KHAaNWeyUcmsr2820=","zM21jd4eE69yDuZ90X6cYn1+hJ3yAz2knihNzkoTvKg=","u7CCsLHXYiAgjGvGPo9WmitqOzATtlXignbi4f4NRpM=","UFabUw8FiYxjosnkFbi0j1+mkog/6VxctDcezVx2fXw=","F2Ee5XLLV9SIptYex0k39rrmVaoRcOsh8YK2LbiQOco=","iuR1hTlWs0i/09wmVPSm2c5EktrZT+QUl9GCq7cZRts=","88eK+cvREXkABCGgJQo9E5nBHp5ZLdbdHC3LUXRKYsQ=","mYMmfclgNv/uUmwBWu9o5KSjglimep67xe0oUMUKvyU=","zvTFz0JNUWQdTHwzpqXGgtjLLvwa/AWtU339gvn1r4Q=","LCGzTRDe0/BdXFJXudP0ztWU73ybWEag+1JDC8ikehQ=","ci+xTTG3cccaoxJ2jik2tNXvtNGq5kbRnrjgc75rzVc=","nVqg9x4wFL9rRSkAiEJBIDB+7xs9VgpJZ1Rj6CJPLSc=","y4iodgRSwB0p0SxNISiCX+VSZywO96MQoYeewmZ8OJI=","B1E9Q8d4Rrp9z1X7KuKIZclLRjyklmxQXvwtEt234/A=","FJk7oi52okdDa8LHppE/9Z/yXL0k9AnYll788znQwSc=","r8pbBsK/ZuUS3WNswNCqC0AQWb4lIFJcxGrpa+wZt3s=","m8Pn86IEb+O71V8CEpAmAj30pT/38geBLZr3qDUUFH8=","cAptH95oe3ISUp3g25c5pnDJ7s4P9qo372GLpbu/+W8=","m7+E6z95CSamemVl6b4O0jKuGIlBZJ277ICGAJURtc4=","ra9eCEx1uYRKwIfR2ZFxy1NllN7urykXgFen3LD+aDA=","/gmuj7IJTPqDNcCu5oZ3eQvL/uiOuD0BJoMo+3kOxp0=","jZ47ECONbRNhiOslC1t8bhEbP/26QMuaF8AnINZ7MD8=","42ZbPmIZN8ToQTSyezdmhO9xyPg9kV24D6V8pjqHGB4=","shJ7YYZRDAKenUcV7xwxUtfwpRf/qMMTZsPWzVJhx3A=","/z31UzaD1jxGaJ5gu5fQUsCj7rmI6lbrdVgHM0/EX1k=","i1PINQEou3K0hyRiIYs0LNXdDzlKxaUIOv/cZHTTlh0=","BGH05AdxhLdXMsfrvcN9zeY5jaq3Vepw+wBQL5Ksnew=","chyMenWEEFF5Qf2nPsbeC3uKpAxQBnITgxBKgLI2kjs=","8XTejOi1La4PkzCKIkzXFmkZXGfvJ6ODLs23aYxHrf4=","yHxVGnhaVpGUnCpiVEKe9o2O5CnLIMnJCW5MVtAsDCs=","SmcK34bKL++5OoKCfs+gRzOHe+XevkXn9XHcL/EgqVE=","9k3bxRcUf2pkU5etryeGOiVQ2O9+uRL2opTHApnL3c0=","zUkrN/J276aCv15FJ6gRKIPv7X3F6CDgenT9x/8/cw8=","gPUTjXDZy4r+4hMdPoiPFSX15eu+l1BwzTI5YnD+YD0=","j3YJcNHhggISPxQ2TnQ/nFpDD8mUFmreDMEAuS6DPM0=","OLQjqu+wt7RJG2tgXCATPqSZt96XaL+mqn9cDTWhrKs=","7koZ3TKf8cHSfW8dMaV8qdxWbZp36p9ilr4MPkIAMvo=","7wCHNnYfkr/mrXUqw0cF8hh/cdDzsWt6PPDEkScGTcM=","1CRDRdlxmANxuEYyAq5dT9I4AAO3tdyoxyO+ulYVsPE=","U/YLucU5InOKIiHgJXNvbLatwg2/6NzH7hn+NFsE/Vw=","2dWiLaPjKgvT3WReXKvblMN04seFUCEOTBX64el6lIY=","4B/+aSYSsHlIV6e7RHTBJVqssp0wxUhE1DI/YE5E4eQ=","nUpgsrVL670xq/epodH2RRPrExLseYsTUA7Ack+JDjg=","+udZq1iBAUUpjwGlFe0XlTHYbbX7bfB8hnbVb9OhUC8=","qlFM2lNsjdIH152r3wnKrbFa51zK7O8ijePWoofWnbQ=","bIdfELvnNre1vN8psuWuvpgvFQdkOOdR3wW1RB3Qtz8=","VYd164KIKYVifOqcgwlrBAGrmDK3W8aEEx0Pv3r0eTM=","YtNv+HzMPFznmnsoRhNA9KX0zn7Z9xK/80iQtXqw4yI=","KDP8mJIzm4otIpRWgLhFNp6/7OpwIII9VVgafDXNMZc=","ZrI33B+DxzbGJK2uAJ/4qi7X1pFmUiMflWTbGaJLF98=","At0jhUv0LEyqcG6l2Y7/x4+yBHYSwuF8yNSIlrsxyu8=","zy9BGmrdemcVu0ku4RgRjMz4l3K6mkHvlDcKeHAdv+E=","Y29nsHy9U72qSWsB0+NrqjQpfFLoy2YRHK5gPQap1iY=","QnT5c0YmzxQS7a9Wcf0EX5pSAv7bhRuFMw+92usSVCA=","KPRAle5uB90hsb9CrhSkMGOTuuyNzEQ9cw3YofQzozg=","Hev70MBAwwG6Ba5aFjSu74DPllZVCF25fVYq9V6PtcU=","YV4ck5nP1351oGu2o56dTgg9F0U9TrVphA++U6eInjY=","HhB6DU1ziDRYqgJxRVP0hnYbxYpc072xxCMIjzyE7Gc=","rqZRdaYIZLRRcTLR+NgkFfY9692mfqPRCEHsL+d9g/g=","3Yu0QTjPgWR0OVWh2Qe0He45HKIp3a6eMFSpdCscOuM=","VZopw+TIfcshr1POQzVSewfmWd0VJft0xgJxk5mpjIE=","HCNGvv/w9XTawjMtDMGWtTuttLnCUW9cVGf/dNn1t8Q=","E32fLv+Sg7NW/cA1AK/Aq3LyCvyjRx6f2jEd+vnayJY=","s1CbLDfCMYQ5Kx8Wm8nsViXZs9n1ZXJN2djoE4VRpac=","XLonshosrvo3dD4zggIWG4XJY0IYVwrjndSNvAQxvrk=","9VzDgSRYOZU8DeiTdtYzm2zgmRwaDHQEjweEYpTbVOU=","eB9oLJlH8mogZMJKs0xlJQtGSS00y949KMnsPP28h8E=","VXtWvrUruf7loXGU32jNF5s/UqPVKclQ9TBXS/6cQgw=","hiQo6UM7E2u46CKeVpdtLnTUL4TWu7nLaeSCbiSwqWI=","37+9tntT45loxuTI//9BCfqN+9WP2gGrbd/Qptd52+k=","GX7HjoPeuwyW9Q8xLVN6N7REl29edjmTVkvzkPSfbCE=","JwcWvj0IfGr24V2jGfaEhrSHL04bnzGImy1JgfjamM0=","h0nIiYh11eFBkqEBYwOnK85nfi4oiy3xLNRtegzfnXE=","bqnEpwCLQAZeWykyOyqgzvt9A86Oo8UfVWGu4fc1Orw=","IZz9L6sDRnTQcLNzxB8qR51sQWSepXNJu6yNk4dBE3I=","TpVIiOuzc2SIqzKsLsTvJqj5mRI1fKaIzwiUjUx4nMk=","yowNWEGAMgwX/Klz2zWKw+u1PuEI7Xhq+mtwDFudGe0=","pZMnSsR52f4b+NnTx6A0ohREi6TmrG7VzdEJ/c9zK8k=","JTtCrTSmgi5jMbvXnQwNn+wsRZrwh8l2XQyc8G8aiK8=","lQnes50jaORj282mew89WCKRzfskI4xdCApJDbYvrC4=","slX669TTr7UQjDugkLlytgZ2LMRfeKXhAMcMp6bCysI=","Ghoore7iR/OQbCZq2kqu3MXJ5y86qDDu+tGawowFpwI=","zp189c6gzh9PWTlpWTm3pYr4wjDZZxDq3S1YKTEVy+0=","HNArqbzRr5eRefO3V4ffPCfG9XF/3GMzafO1mEf5JIM="],"block_size":4096,"path":"content.js"},{"block_hashes":["NeEBHMfg4u6y1PQHarsG2vRf06ACmjK3RG1DZXpQHxM="],"block_size":4096,"path":"popup.html"},{"block_hashes":["ekK4GU2xlq+6LyLKF/I4kHM4W/21temtGNr61+9qdws=","nm6S4mVPCWoL6ZluwoTQQdJ3URZx9uS286THWYL7mqk=","9nsqZJOMGXk9ndu7ezwn1z9aLL0SvLThRVfUW5mcWBw=","qzuIYmXAUi0JtMVwWtbOX0YGGsDuSHJB7x/JbtJitHE=","+nny96FLUKd+dt/7x3DwUFap62/H9BsDZUSo7otZd6s=","qyfzl64o+aEFfo4eBjsoQdjYGn/sQsuJyzLTFY+hvNc=","WSZS8kgoHwXc/KGxwDcJv5YVSA0dlRaCCuvniwMZYzo=","kyVFVZ63jhpsqpkxtog8aIeAPX1G7/c4h+JZTaNea2A=","NnB0cCnc9hZp2H5wS8Y4wMEvUiw0aqaMwE4oKmYLlLI=","9sqV3vdJz874KDng7UOPixP+aeTWJGfTY7N3pPYs9uU=","1YJGsxZGTiRWYjs/Jnk6hB2deu9FScI9Rml+053pxQQ=","aR3SLh7b3a05W0b604uvnewfmHqLc92a0+g20An9Ijo=","BMxyRnqFZC0ydp+4/ofB5t4D/h/ZpFG6qIMlVWcuA5c=","S/WXhH7TKjpeh1imXCDpqKthbUs/ck1+i/ilzseVePk=","uGuK43xuddJIicYtKnxhbvpOzCCCAbsf12QJigPsmw4=","r5dMt/TiQkGGTdYCVYXjkiNM8AloiDCgmaV/QbEi25g=","3HJMKwmDEgixFY58gIWl1Kx9vO9nfJmDy4dW9CYqvAU=","VVjWzQmEkHFwV9fkYYddKK2EawsoLZxlirM7ufAwlJ4=","I9AFYRtdqALMe/Ad1XxdodoVLrdxX6+EaqDQqej2hfs=","DVgvTfwVIf/9RrkQg3T/jInLlglMvCbaKWTMuSm58n8=","jwsYBYtmL6x8O/2FNqHamjfShCZphnHDqSc9+pJp8Xk=","ubqzZO7nVKhRhtSd77PaO/6DzFlCE5A3jyVafkiebzQ=","BaKl+yqh/YKhcA2ErfK8OD53aZMKeMaOcrxyupEEJXA=","ocIQspmVP1p7K5H8doJLjOcs0khQTSr0VzkAWYsJMr4=","U1HhfGqcQg0flU7cugeNaMVA+eavN7F56l2swDUZj4A=","/7wG9rtdAo4N9PJ2eABO9KgaWfC/iIWK/l3Jpg/Bw2o=","v9xsn9yogsG1BYHiq3r8Z43OIAR+vTjOeV8vjqRRKFw=","5MCz8/sOC/CaGsX2ZvFpQjtn1ATkP54dJ5O1Kod5j24=","QMhYMOGm8TB0ly9ekXj3n69fTKljP7aSMMkbqYnoI3g=","iQCLn7+0RhTltLSeBJNjRKKuqHfWj2y6XVRU3oo8Tbw=","k4+i6bEEZo6jpwm+p+aqpRdqbAlP7sxgno2Km522v+w=","vOJ+B7REno84RVFzzD+0TeQPjGP7cHKF/lEFFJBcJBU=","K3idKTt+IJlyJ9TcSLJZVw92duLC2norXev6tDd1gxk=","eacqdJRyWslsOCDs247iveo2U9J4Ex3jb1eoHNHfkbM=","YCZ58bs6PshOhCNvvbZsJtRsexIIS96yhG3aTO0DaR8=","6Tv1juYtpR0EFeYOJiwyieJf7ojlIH10lq+uqvTKF0Y=","n6KIJTeBb6BMBEXIIK9rlSjt5B6bY72NLZYVf1eJ/XI=","vw8zojVS9wB3qAJmt3xdaleq64uHPdHfAIfkBh3H9SA=","QNuW+YNUHzG4ySxWM0uE6Njmq3kp4iAHRxcN/FmYd4A=","B8aPDCQ335/cHuQRNhN79CMr2221gx0OF+YCtPnuk24=","2QZ+xvlCeOopFGu04YOFSflNXrhw7r+Hy54TLAkYxgM=","gtJbFAn8Otqvns29GMwAcSj9WRVEwFn++6QvYQerD8c=","ZJP+i+1HqWKpZ5RESbPP87zCXxZXQhaSqjY5ClsfqJM=","HfkmL4pz80ezC4qFXNXOXdvPymtmPUPefUzie77qnXc=","Dv0o0HIuTY8+uLlpat8n61tiS1WUXiEHHgssmnaQ7Y0=","0GQ9pTNvzXH7AhuGOCZv6UNva/qbs4jGwnDGfx+7UOY=","uPAVghKSGONISWuL4qy2GQ5usqC0qVrpNhP0rJYt0Kg=","kcmhhc1C+PuCrZottG08KwYEFk1pdFH9+pZc9Qm0m6k=","WE4Pekze17P2sgFPUAb0GnXQvh+NUNfEUvO94XEbuaA=","LuP5QY2QuqpoWx9Nw1JDdh8QH9+JvjcNNDWLbml18QI=","VVsaTAtB+6OKM7lXWP8ymt1PWRWjJZ5SkX8choQ1MeQ=","lo6LNm/rpf0nKB/RaQWp5C/Urc1MRPAzec+XRTGL7IY=","lY3STnXiSGaKXhFaSepmPkppcgXdfOAMMFbfOddTcmg=","APhl8dBNt0NVBlcCr2wG03ReW4IU3cugKJhNREhZfcE=","1d3c1rXEsJNfn72/WGdm2MBm2cbr+d2BLbE53YJlQ/g=","MhPYXRD0inXhZMZgEs3siKQo2FpFcEFq+Z5lzoOU4ng=","8bNTKMLm6jy4CUud/RKVCd5yXb83nkLgNvONIGel4Eg=","3kHNSjQQKv2LdEws3aCNZ55KeqFc311HKgsqzUsDNow=","bMQ64wRbf82UcECvLgzUwDnXTWRkbl52UVI0Eda2KQI=","0ooIijppnQ6sCyBluQmi+0bxpnTKDeQHVFLn1nHR2HQ=","r0pbqaeF2Y2leJZmoN/bYYOQUGgIC2ooq59VORA/DcM=","B3u8+Or/mYVEWQ1G6GGfUjNWrPeFfO8RGZBwpZ+2E6E=","r5a9CHKsJppJjMWUQrwOeyg0Wz+2+wleTqLLyh55D+A=","otJqIou2S2xIQ8o0g6//qHJXT3JnLX487UpcTxLaxoA=","V7OpEgyNH28iJm1anwYoHfUptwHNERAiSsmyDGzSB9w=","nGS7CWlw7pA1dKY66JRH4JU4u5xvDyICL1RAztGRsNI=","veUYtEXk2MdubIZAb8+szCXsdFowXB1qy2dLXAOmjKw=","/PNDJf8uIR4aBirl0FwD2zdzfOHU2eT3EB1Hr/2VQSY=","3z207ZoITYba950vIccB6iGPbQ+Ka8jip5GwPOAn13c=","vCFCPF7FeZXHDaZMBJpVf454iZeaHrRYg5cvwzWjpG0=","uXsFFv6aA8Ksn9/Y6BXzbhH+mcH59+BNsHuZgacIfqk=","frSgskZpIa1qHQltgZRh3dXq/g3QiPpNO5WuCsFbdkk=","jSMpVIre0MJ9Lyp/M8LDlsmICtQR18eX6m6F8mRgOVs=","Wv+Ytw96dCid0iOQURP7svdVTaWi3I6yvtyrrH1hZE4=","7j/ycQ7lnowMJBq0FA29i7Yhy/MoVm+jMa8ONa4Os18=","AkTGVhpHgUEJvAYKKSTAVOa705vtKLikI+6dB1wZQRY=","yxvP8UJUp8oTHpPNBGQiqF7dH3ty6GZx1aKTp3Obyu8=","MruR3ZCTKOOc5MZaMMrRdWkC4CfSBUCofdaNm9JbnrI=","vmd7lyFobIbR3MHfUWmXDVx3Tc7w9yBxJKhoRddVX8Q=","nqDXBPySfFA6yrgrNUEDC3WI/rZYtkCXSmhEr7t0MCI=","ltF67s4LqXbdx29pz5M5x0L5UyKbskx83d87rId3ybk=","6xgWzaPcahxaRwCaooX0vVL7tY1Dn8JZklIpiMaBs7s=","EJ5RGGXoxXZnj3eGkGUXTgbrB6bKH8AcS+PcCqHIK6o=","hynTIPZR1HiijJXQHEdghXv/MD1/O4NY5oIbDqPxWEY=","zWOkHweMFA+ljaRFqFuI+j+7Wv338E+CAj2FPqMCZ44=","MBnX6mX33pgjIfmgZp0COrx42TcO1rjcLZyFCrXCWtM=","DDItiKcRtUD4i0ILdOIiBn2wYqsIk+bIPQhsYB+431A=","eK14AVJa4y0KRkZEdfa0zpDrE6HC9Uu8FDQaUS2JVMk=","uPu6dUC3u6KoJYwvgSHaLG13U0SApL+aYxc1AGOK0Ek=","oyBPBPgZwdKBfNp/glA8HDp4X7bYx2i0LLoTY/tIEGc=","guH5+Cg/MteDjufWi0vKEcOAl0ETXFx3H8FghoRc5Ek=","Z18xzR5gyH3BUh4YSzdNtCM/ZbgNDu55bAkVTDeoq5k=","f+IaIaE0SaY8qAzlPcRclq7HctwxaOYC2d4eMt7kolw=","ZKFfJBQPskZy7wjb2ZB7mSQY/C19sJ6PJijvptBNS0M=","V1CO9xFJF5DatmvQV8QFctzTRcI6OBqx1mzNzoP9uRM=","awD1uJe/NFvGA0AeITT2z5IbBigJ7EfjP0RSZsNXVIU=","sazTuqg6UXbY0PN+FfKSnRI5N1rZ3qDUEHNCK6h+31Q=","5Lzn7Cvf4L6qWQsyez/NveN1sRt+/LIgUleZBFgHAW0=","0MhQ/aRpoac5Ic3hPmn4+4zY+UxF+O2iO05CJ0jH814=","bsvs0Ts6Ji/T0aaiawndg0Hz6t+BrvAlluYRaQZv+w0=","l05TSgrvnfAFlWhu1uGaMWKFf25soFTFTWG50xeUHLY=","c52uUeLbH0WCxzL4yBOlqrb11bnU4OEoMBfX3QgqVgE=","u9jmNyReRqpMDfiGgXMnPC0/bxabNDjKwcIrzkQhfoI=","b5F9pAhwz0yJPQ0iOwL1sPGwWPYypKVICjzZrnyc5IM=","Ur/ellLcu1RIO6EWuHlrZph4gwaSO7l1GDR6VCaTpP8=","wKdMHejqGD+WDZSPTMjNUD0lg6Sx1oGJxpNMWWadehE=","D1LwKg/n7Do1HxLg4ZYhPrifoFe1DbszJGg+OIxEkrA=","VAFNYjxAFlMePvn6+EUzaZI+z8SE+RFkOldszfjOAyE=","hfQtr+zxOdEr84tr3ntnbf8pEAy0Sotn61KKEUj00Bs=","mjeydYyuhe1mn9dwOC2SYsT50EF4/MQIGtQy4Pgvji0=","OKVt/3e0qjDGtrjlbNQUgVh27WnmwFv4Nj5iP75KHZI=","drr8Bqafa/Rki5MqYfy/CxJiC/NqR+dZH2mPoShm3r0=","uSmZW9nE8HGjwMNJBRbmg3qVXDwBbcpiUqQBwtnLZLw=","NkZJ6vUiA+fW/9T7ejXV372u5ngsuKsVxGXIfHqjfN8=","NyQli0+qkBMoVa47rn1T29WOsttjSOPOipqEK0UiA6w=","aMw18Nscj1GOLW7smUpQZB9OXmirMKUmJJ+wzaP5nDw=","gEebL3qTzSDg0IWfU53eubWQq0hr3Zu40CDa5OsOavg=","W2mWpFHnry11MHwDmRsvHxCMcjw8it/rmLQ6KDWzBfE=","DulxaTnCFAIXaP2HPeDkq+TtPoeHL1RPB9IhIMgAkaE=","codUo1lHcBvGX4h/sDrml1dpzIqIudi5/Et5IOJa0Kg=","yEN9ry0d3yWQ+Xsetz1jgcAC7eadgIEC0bSJmK5rDpI=","RPXGXerH6PG0ZQpC47ajf1PrwKOObluSw+ZpPoia+n8=","PUpVN+UXudBIYY7waWlnR/lkpzQWb0nV83JJYqOFC0o=","+yAXuys2nrUSVsraRE8MjXLXHG0k+IjJ34maiNw/0Y0=","3Y7Gun1wl2KK7hlvsRkmz+lWnwFY2e81bK2w8UTf9pc=","ztEZ95com0zClcy8Kz/W2j/2Rp53YtI6RyfqLMpPH4Y=","ClJvjuIkMwsDe7U/0prS6Xkuw9G8O0X0pOojlOYy+8A=","RBQX3ZluIHkbk1xrMotuAe8z6kRydMEY2WShds4g1rY=","mTSuvHFxWjpwnAHVvqSoRH1dwQRylUFlXzIwjqrQVW0=","9AjmyQgYHv1iABDol4C0W2TFLK/yeO9DIUr+fYY/zlo=","2nzyqU4BQGglZGAP8I1vK70Gnk4J/dhZixBDu1bnBXQ=","5vaEVF0M1Gl50FXoB++cUWCTQ+MgWruD5J3AW/G1QLk=","TH6AuxsuQ9et3OlmpA5q8URf0+d3HFosFLPnNeCtUfM=","bZ8uXFr9RE+CDZkeLlrqJ2PE+OWGxwEt8AqIR6a9BgU=","DiUuiq0tU5+AyxJeUl9128Ibaw+CkDZjZ0gV0fc0eFg=","Wh8e7Cpn/bQVnYax7YmOMCcSuT2lS3vE8wd4hj6KyKc=","D6i1opWTVaHh68AXVyNla/qx81wxpeflCrU7utwDbMI=","xoNG6/TxVZ2ySVc6BUdXGf4BPg5FTN6bIwMVoiEgkp8=","aOMgddhlM/chQCS9PiHpssWjQaOCKlTRJn0XDMi5CI0=","mkLokuC9/ytYvsZxoANyraOCnUyIsNt2fp/WBZs+RvM=","kYRS9q8XXiIZrsxYDEcXLBL6O1VAG+2bbvYCt1nsB/c=","efw20Gi5PEslUCMd0qxZ9/qjyLRKyfWnuuC7xgUp2cs=","I4ci76JEhx3J2ygjQgavoR6OcTq2TDmPvlJlaz722HI=","70ba3ZTYVyNjaz8WhrDxZcEkIENh2ZewQ75dt3vUsaQ=","TR0IjfK672FisomrFMnHhOviaAFJFFRBDGFYLbuOb9Q=","KFq4wIk6phcr8gZpB46zps2J+jI9cG8Jio9ritYuUdM=","NiPieIL93PIz+eR2Yef5JiQi8LJOiLuEIv58xn6eS/A=","6hkxdEsKzZO1dOqPIDGz1M7EcfQx6j++PD+cDCYxjRQ=","u+J/Ni1tVKZXa6LOIzYR8aWQsSK9CJlzp5ZT1fQXKYA=","oWhzKzONeX+u3uXv90a4ZgSvEx4VC9MQrTqLBgi5G2U=","JFxSHjLJCgUtvm9lxGm1NEkbLoIqRPdVynz60tv8SF0=","V1chilrPsK2F5650AmCLLnSi7000PFMJzTbsxES4Ct4=","4LJVaMkOAO/QL49ir0bwMPGHrGUDtcvjPJWo2Bcz6ms=","YBHCOyNCrArOxsYewZ1xaD1ZyGNzhdwDE6Kd04z8BjA=","EewZGD/zcEvsRUnS9LWBAhzx93ATQvrmSJrMjb/SJ2o=","Zb1iwj5ErhnVtcVaArNoxh91xvUQ1rxh7wi5CnkLqoA=","UPp/+RZjAKVwvi6L87NyETGnnvV8ZWlcGkGC8Q2nddE=","Wd52qkjTgsfhRjasIGw29dIKfdgqyfFbqOjm4wbMKBI=","tZh05J7GBuPIZIQEdpDe3a7oe9EYleuHGTIA4TkAigs=","05451UgRbflrVP9138F73xW/kZ8OKBHKUrjUT+qLJTU=","z+4s3cHcHt17BxE4fiIulFz6i0NQT34fvF683HkmuKs=","X2ZMDQ9XrqplwoQrYgLf7Qa1TpKqK6TYasOcOWsC4O4=","qWxxvReRlfbpxoRdxmBsX2gRmEuMsew2NxYU1HIO3/o=","9h3E+WDmVyDm9Pf3RZcJqf5qXKkYa5JTvT8Gywod4uA=","XFY8Us+mkp4Tb0Zb0+9DgA+ix+dLRSuWnFJvhEtvszI=","LYooX+9rmBbRVcNfpGgyWYUy2sglNdLtarcFDQ/Y1Jc=","CJWW1Oytql1t44ZP5JvlTq9n0ezKGok8K6rPeU5jw6I=","xN9J7OgSFilOkfhIbdF3pdVpAsuFR+IfC5+6XJHt38Q=","hhDbXuh+evxgGDNNSp01+CgfIhQD2YneAW89+zZ6qaY=","ni+up+/21xjll1LTTb8L5cKez7wXgSa3SZFXZI3ENxI=","XOZUDEjtT/eMO0KFz22dGFVyntaISORIWKd5S5fN0cY=","sRbaNNoJcyRCtleq37uHuKPuryLrykAyt9i05MfMsYY=","8bfIhBnuy8y1liYw83Xkfg18Y7ke0zmqhAd5abT+uLo=","qdZ6VetEILZAs2iwotcRViL4UTzEP8WBn/BYMGFMaCc=","0ikbFdRHhv9jon+5A5HDpfOXJRu9kR4JEuh4He3qalU=","Gv9cNJ4PInpdsHw7ZTbXs8VfGHINlo+W7ySxz0a9SpA=","FYnecAbMeqC4XbL2SKVz2IAGr75j4Tqq/DXLBmyHzQY=","jU9ikM9bL76qjFHx7MwV4e1qBDV0fxwwhwCf6T/8gto=","hNZ8Hr9lttLQIGcYoRKK1X78/0ub5Erd5Ee9jzJ+o5c=","XpEw870To1VYXjaS//wNvFsnW5DhYlHzcP893WFkaeM=","l6KNMJ9MmHC6DNBhRsnqmUkBmMDQwPwBPR9dVOodjCI=","nf9kwmbauyHh13YLHeN1YluMfgvz2H5GPMEPnVF0EW4=","A/pNyaCyc6P6E2hD2+8DTlaLQc/VAukLLz+CkiMwW3A=","oA27UeXDMtqTpve9vX2SI9yJOnLlQk5Zn01D0AIj6pI=","nq4GTOldSiM8y3fRmWfMb3Zr9s3K9DR2JBCt6n1HmfQ=","wqjNHEFjUPEAWz0lr6q5ra+kzT62jg4GIqTyS//wY+8=","H+ZcaDMOMvSipfRT3oV8GEH7Tk1E24RchVCrEPc5BqY=","C03rEcQJoVHRtR/d2ikjD1JFUa2BA0mTIdeVxa996Ug=","OnfX2OuD245TLUAVrksgpGVn/8clB6AnVHQKT33uweo=","p9eO1GPm9y5eflvdB90xzVHQxMeshUxCB7Xf2mSQRq0=","/mOmKtUB7UEFCmh3RvbmI6tTjY/2gReLajyZFNUWenU=","qrMnZqXL4alYHBwVWFvxp+RMPgfB1fMNg0BwjI1P2pE=","c+Asjsd62lTFpFSINeV1F6CusEDW7zwQTfR32yfpsTA=","aXvE+JIorsqxdjX0T9rotWwgTy5wwCoqnO5vOsaD8eI=","UtPns/KXtOiT1Nm88dxg8hHImCanoCENxtK2B1E5jOY=","2i4Db2vf6u908HT+FZuseDvlqFQGI3Odmc8/NqMsS0Q=","wZeoTt6Tiq9/7fktBNLb8H4y8EYTNFcQD5P/cjAz9gc=","evrLdH9Pt4aHPElikVnzqeQ15SswOd2Y1TGlH8hZU24=","9OYwwvWymxXlEEr/SKtw99mVeXW/xdy1dsam3Gi5ATI=","odvyyc/1821Yqql+q9RlA/cpc/H2NEB47xe0B17YSEY=","qE45LIpdFOqbdRJ55X0pFxpEoZ1ARTHgxoePFXpyrBA=","2iVaq4wSB40gTu2f5KGt0i17lg8gKa/w10gwl4gLhX4=","4nl7Y02wdUEAt4hqzl1oTFsgZxqvEZvo7arWIObpEF4=","JUSxo7HRPXUrfeuAtv70isd2RnnkmyLZ1w62JHzcd48=","2WcXy2NtK6CDK/wRTrJH4yNxYH53GC5vQEsz+ZDcIs8=","kYpEjJy3y/92Mg7XP+ehxNiR3/eoRGWFBBWq3qK33uY=","s2cUEVLxTjjdRwsvSju+vbSl1lcCAy726FIA7WzBNx4=","7xhneflaP2AEG86z1WkXcoEm2G3wekzh3J0i8QQYiSs=","wybvngaLz0VT82GoCcnJCU/KFlqGFm88JjTIrO+z32E=","M+slCKlsk+B6c3k3Em4anlkxg15aXi8O1GrnQwt9jIU=","MiSP53bbUyuGY5syigfv4AhkTp5JUY9cKt7wXTMCNoo=","D/KGTLU/BUsGBgKbp8G/DH09P1CUm47a4mTPJacPUbk=","GvkJqWsdR0zx2AZUkbthI4t6lE36ixhFE8cu3mVwbY4=","llPQJ1akRn4662F9w1n1Wq+DKDIEgViUxYq6Gf26gIc=","cFDTts8uZ4bnp2zLMYGTk1ytyrOoqGGAbi0uTxNtUmE=","NwA96NlrqBN6vRyRh1ZD4ZjyB2QCKe5/m/TqNLMxtTQ=","ij8mV215r7LmlmJ3rol8FC05QCdJat1MAtyhrkXvib8=","0A2egskrWMW+Svx+EzbAbv3oauyJwZQuN9AdJcrPAdQ=","f9XAcLbVbbL6wQKqi/dOSUFkuz60KK0+7GT3eiPDJoY=","HUnpBuNdxDc/9r7PbCT0Vd4SkBiOt3EnYUvr7gStj8s=","Kgt1qI7v/HTtaC3HJES+6GaK5R/mwCDwGTMsd9J9Yxs=","+vciQzqWVmdaWXOEIhsjv3mXO6tkSZy2vdJhEzj0Ufg=","N4C14KBETXSNocTgSLulFHhO9oPlKkgif6TZwBfThuw=","N2jwKT3Shgzls24KlOJLgz1UIxtd4m8hMGfXyJ7y6eY=","EJrZOLG3TSDLaYtNTWMGWF6Lh7Iupq8iL9O8GQaYbs4=","q6n4GDBx1CQc7X71OfsLN+t7wIU2bVk7nNS/T+7CeJk=","cTwGDsN3q427WezCdW+1+D01+lEK4J6E7T3Nnj5JBBk=","U54P+zshQRrLIQ71fq6JGOFbFveSZ7aUB2S9brDOpNQ=","7GOGzT/MyEnTDjamnVpYeWPcRCluA3Nw5CxXW3mSlMk=","zAqcHbfxIVyHUZZnZRYgyql7vuwYEIsEU0QekWyYshU=","yd/D3UwzNpkO6NeXkEuOsRNrl+Yr7Ts3woSXkodJbb0=","OiRWRV2kpRk1sgK/IsCwQNDFANGTW4QTEgjJhWFzM4U=","Vshdcp3h1soyGShABu1MIRhlWnt2IwLs21MVcha2BLE=","pMIlRSL5bK4apw7wiSWkjifmQk7rTkmVDYSJhibBlms=","1mWKk5NnUOa25thLwGDH1F9oyepWOXinPcpdifMAPQo=","uBi9UwN33eJHQA8+m4kA7ieqFAjmaihwSeMJlebySH4=","gsr/tYJQ0pZ+ApXTx/qrmJ7SgiDB9MIDZ5vOzPWD9zc=","FpkmYNuM61WhvK3UUMBMw1McedqO65Y8Njq1Acam+Ao=","a4slTcjwgW+IXSmjSuUlEFgEbatWBQD4dsZlGre5wFQ=","0oKIH/+VI2ykRp7V0in43t9i9LkPm6v5UgIOZVrUQiQ=","/4j0/tl9zIymtPsbdIzQxkkKpwR7CXbRAqWV26eiQdc=","n2MBSuou3X9ZPLj28Esp7csF2vCEGsV7W41gEpSrmhU=","t8hj2JMRQmTT3XvzMIHJVHN5MvvTe7yHu86CqPnGjQM=","uqWLq3ipe5/KdVS7vqmrmhJxtHG2YC1o6BP6hOARdqk=","pHOVcZ52K4P16jmSgfgjJkDO6jG8BtVcOq904/tvSOs=","Ck2xFQQ03W0jzvTerh6VZe0vr0P7Ht+2qnLGtsH4t2g=","gfRWOhw1xpSDcbASqm6Vk4DratOHuxfDAaNcjULh808=","cqqomT8bhRe1eoVJR4IvmgbnkyGVo5JaHykVci8EghY=","7kHXafW1kxEMhrYKMMOeebN/hOA823GOPF6bDtVvjgY=","9Ir3PXuGO7DFMRW9fRSUAZO7FqisePCH3V7k3JlFl+A=","/iqlx45AE9IC71vpqGgKBkLfBJD3+QcTUcZR8H6TKiU=","wmZYt0o7ZemT842i4IUrDaS8pxAUj79epo02Rnl5GT4=","DcCe6LZXLMuQhIXxQjqg3korazAw9lU5sU5Ti0FVVcg=","5Pn3sBx73XbwwbG41l6ooYa0Jnp5ocGWyh4q23Zi2BM=","z8gYcWyFoGyd/vKUoL6M4xnGylxXMFJkl3ZeLRMDiHQ=","Porxr/sA2TeQmonKrNrGFQzTqYizLjec+cJGKIQeNTU=","H/YPo5++I2YR741LBqUuk01FpCALDyoy7Ef+9cRAdvU=","La8+uPBSjo+/uewxIWb2FOxPF6hgl76HXiEf/Pe4ekY=","7UcCAipfMsVYAr+Aji3WRegriLx7zUuYCX5BzKvA4sQ=","fQl19ELH+2+ljUne3SwLzc2r8Pb999m181/3fgkyLts=","8bEwH1nke+8cVZ9Gt1PgG3rvTxWfgKgxRz87Wox4voc=","fEJtsYkFmxqwCQbfNHRW38/vdVRtB0z/a39RyVoSDnE=","J41fvS2RXhcBq8i5qHTVZlaHEsn2m4z+JO/eOLcsEos=","d4eklTXV9GEnFRUxl3Yq+ZmSjSqzN1BpryvxYo03o+4=","j+3ghAVRtk+AHwiLvf6ULQGxgIiDhHsarw4vL7CM7/I=","eMl/NMwgg+t/UFRzfmtEmFn42KGV0kdtQdhDi+CyMPM=","DRnTYTY8t7jiHrzXfodsTZznr1M3kPEvKZziBZ1ck3g=","A4M4LdmV3yD7eJtzYWBl6Zxv158HPLsgA/+fZ0TaSdo=","5CmodujGr/UAFMRzl099JtexywZmrJHjFLKj8VGsNWI=","if7kygHBphycGFJX8sTutfsQkmj00j8Jk8ALCsJc/7w=","yfyNNa+s56AnnsXA1h6NVohP7d3Pkzs+td4G61DiTsQ=","IovepPcOMzWwzjFqxExljKWcOH9pw7u9fuOgPgpOpLk=","jKGfCmHzFLb9XhaF1jEpG0JeNobC3bH3M03TTFjFlZA=","TYBAFZ+MzBt+p7chGXAQrEvUBhw0QdphpjyfUqU2m0w=","zQQ+MHlSvvw0igYO3AfCAnUKZsupBcIwhFPqiDZ22WM=","ybbutNSUJHMmzbXVBBEQhh6ZGWFarahF9NlWDRw82x8=","p0HlGeWpgj3Ixlby0va9qQxLbfjl6T8GrxA3Kp50oD0=","AWbT6ocbEU4Nq47x/6dKe8NSlbQ5rE1Zf1t0IXnnzA8=","X0PBZ7kqYsysyfGKr0HfDSClmM79i5tN2+HrFp6rn88=","/g5NZ1pTu6WSsxoyEGBvls81DpQA3gWHrT5Cf+nj9oc=","cuv/2cZewokht/iCDZgpjTaGWq9LkAh/8ZEKswUhXfk=","XaOsosAEO3Trczzvd59WKwlnGCowErLRtNb2mHzdCCA=","2Dp3aQyTyEswbPpybFYNRI6R2ezokI0kllcyyxfjax4=","H047hcUShblU+RRzash+jpBd90OuBxZTc8rp3ipPbfY=","89wnkQnirrDI6dLOMM0SK7KlDpnjBy0BrdZudPaso0Y=","zy81QDNKzqlvK8JBCfCLS6izaKIaIctYjD8e3aS0+8E=","mOuyrzkCUWs0YtvxRfSFkxkOwkmUmzlBSLGl6z4LspU=","u74kibEEPmPNUTQIt8l6iiJnu8T6iaKKSgQOC788110=","MhYlb9YN1nZ9fn9CMXBWl08T06SuYoY1XK+1SzBtr2s=","K1y/LMZtPStGdGW+3niRVdVFDntAikrt1MHnqgR/FkI=","9CrryqrFHzHCfEolrWvw9r8PDLGaFIv69UdcZg3igHI=","4GikzH+OmF3vS4MokGa0eMHkgxZPZoGQwyglOs4Ae7Y=","6mAlOkukLnss9Qvh8a2Ytg2o/ZMhJBg9wBAFo48ArDY=","ucNjOKV9Liqqf0VqC9M09M+tmGhodExl+VxeqGhdCDs=","qliXAQtuwViy1kb3dF1B8Wa4hYZ9JLs9ZaTVVm1q/WY=","91cW/uA1gQDKncI8q2RxYrzzbmN2XoJGSR3EFs6YNa4=","vhtf3q+toR6tO7lJsABX3D7Ft3xkmhuo+2r462Cg43w=","l7yfUHs4FZLaTq4c1uuSDcUm+q74Epxy575xrha73og=","yuGOI1YBhlid9y/kspx+WUVhwzKi7kN26kIGTgQAWCU=","hZ9hHtTNJBadLy5mLIiYUuYI8M/lfrjIJBg3bF9xPkU=","LbX7Cv0Dk2DgtA18hiQybfkyfvKZDuhmyaT0DCVNHhY=","6tPW4bUlMfVDdHrlVZS6mhkYf30tKnqoGxCkMyA/kSo=","yPSx2okpsvV5DBRdO2qofzvpTyA+9ZXkvJtQyoWsLVE=","3PBeGwaKGCRaDtcVTWieS0kJcueft9EhavFSsrCkRcM=","udKMYw+EOaKE/WYnFueFwMhted/8/foXzk2EfgSnxhI=","BF6Y1diq8Ta8PoWkWFWGJ2/Ex66FR4M3kv4gH2C/ulM=","yloFMepTkdG24S62/oL/xxTHuY6cS5jKeas6guseqq0=","TlT2Eknicw1WnDk4r11atWtY4kZHm0uo7FsTuf7NxGM=","vNtgkCEChwZQxe4rzbP18vld/4CUU4jgqFOZ99b5sKQ=","Mr9XWRD3wtiwtAl+RuksiaUAnPS9jh4RdMD7bndGIbA=","z9RF78jj8DLt1wwmNKwEXHzoDfmO36I/D8ZbiKpVnQw=","/HiofuDkEo1wwGPuigt9Kbq1At+FQ1bCtkYzsN9E7Gs=","y2XK/he/EbXUOqXlqtL8cy4KXWyHy8vO0s8gDjXVXBs=","vvO6BNhg05v8mRrhzCcjJEW91ydP2VfbhVg1+EvmGBY=","8kpolnHWGGKILEZ8FPv1gJU1YDw4ckpiiyQzucgn8XM=","HFNBtdAiEDEJGnTLTJf6kUhNNPt49lB64CcIyIACz7Q=","IiCL8v/iE7vwc4MjE/a4OR8DSaTcj4eu71T1Fr+ev5Q=","zcobtzVCtH42tYUxYK2hXAmE5Ir9dqtTjK1flMyXZtw=","yWSKUF0Sfm+xkkQtRiX05D2C0kW8YteYm+J06bQehXE=","FWRc+vHeb0EPW4BjJ9acaHGZzeh5xvtcs4hZZ/ET92I=","oX1LTRoTbHjcHHZT+Oh6x0XwEglt83nysTl8Lbii6LQ=","t8T0dOpD8W3ILUhoB2kvIP7ARWUXxacZWEMaNm4wwHo=","/7k1oivOkW8blwSW5VOQKnM0yJFqTbFCWzMx/iy3nFg=","BSXErBxGD6p6YHoGdRX0lNAFp916mUu3YoD8OOfn9ws=","SLV8HOB3WpSn8/qm3sFMrJ5ThH7tooprGjfRuV/IB1A=","qIipI46Lh3eD7sQc36uIuZNPA0Cq16SFwqFQ2gEDCkc=","UMfNOGR6dRh5UPkBqGvK9wJwNJXsdOEWrVpXF+qPasQ=","fDgE1AhbzfeyW93xDevWXj/eYf26ID8cJdbEIMrZ18Q=","5QMdb6g6VjnMdpQhY85WZkGETCyJltkEFOAV6393O1s=","6RIWoaOauQ5PxaGKK82QOOp+Fc2LkYrOzEQqwASA9/A=","vj9lFWxT8xGj8LnAfqSSrWHmvbIPdSAOFj3LHUIzShM=","18pTUqirANRFXpAkbYb+yurAZZew/POnGJ1fh7bn56U=","NU3t7WfCA52DUdwQ2aKAzYzMPAkokeZWLjgVpu8sRhk=","I2kBtRNXeChai+Irs3iDscDtf7eC4owmcgkKg1qn7fM=","Yg+kvb+vPiX5gC18dFFQlYnh5sK3cWW8M1df/NGR5B8=","4t2Aaa4C8jSti6Vxz4LuIDn0Eqx0pDropzcpMbzaT08=","CLj7PNJEZOR4d29hq584mzxLvspiv2rRJwJTSXRf6vw=","X56A2+OK4y8jkHOowlzZKj9Ph11qxfCQPrKm3qRSW7E=","MUQnbCdn9yCnZJeMOwdvSPkZ6EP7CveiDrioGcVUyes=","INzcwheugX1wLGFkj8SCXmBtap5TefbCXM2w5trqevg=","RLNwI/XAjcduPCUNbDp5cAbbv5pP5Na3ATv42E+HIYs=","jPaYSZKdSgIL+HyP6fV8DCREaYX3N9+18COmrPMr0Sc=","lJk0zP+p2y9A5r96ztbb6KaPpkvOeV/qmMYDkBa5+ms=","79HefiOgxrhEO5vDMNIIUHBaGi0rjLAig9AzWfH8M6w=","wzBjg/ZbX49tD5/4vSiP/I1lDlS6cGbvq626X0RxRuA=","osCdW+O6Tjg4VrU5J0dWyEKIBQ4HR/bQCH9x5AVYeNo=","lrR4bJD5Yhu/6Zar2NWwkYlm0028VcMEySl49GRR7fE=","xzlngzxz2IXk1lF0DjKNAFxlRMCCGOsLvjsR4u44qfM=","d9HyF8Xs3qBEQlSM8Z74pCoVhwuS9TMQP6KfhOHgjA0=","7hy/6nCd4SouPonzyJObHqAjDuGyR/FYjoK4sNZDWNQ=","Ni7tNftIAZq8lC8+wfd+yrLozai3rqWG1DHza6t6pKU=","TU6uvx89wF+XecNUyogxlSt5/uJfM5iLntNo9f7eBWY=","lOqWrFOIO8jvNa2zM7IVB6hk7pxXWTwKlCOwlLBcS+k=","F8Vn0jKotE3Ucfg7J7GyLzkZ6vPhQ7WzVi4/KW2z6tM=","LrdMVfVsizIs119VfXdJ/hHiW8HH81xVwdPtoezKnxY=","zlhRL3YSXxr3/N6dm8CaiU/MqiYcDdv0ZEvq7BgFdxY=","KaplnwwSOy+cFwB5tIRUiYMxSG0udBpV7jiG5B5kvcg=","+iH9qrnJvParbymCuFOXT7tALzPBxHbPYFKRAPV8xFw=","gzF8WOr/XGXsDvlesPVcrvRUJOcDpIY7DYoffOqFpXI=","ZxX/DV7sdgKVpHC2bOXnuOxwRg7YmzaEr+9dk2EzWxQ=","4QZwsaMtEgwyFExCXN6b7iYTjhf6eUStw5SAtolb1Go=","dRSLGarCHhsEDM45BbnHBx+M0JQWAHzXmbsW9l83qmw=","W7p/EPz0SOecaTkM5oDpFGTzrenaDHCqNv6cl3yIkgM=","bZxN/499fRCvhXnJE2EY2entwN1UxhKor50XIsBPhGo=","+G1E7jvy8yIrqeO1UbSxNwPvt3YGk9FeTZQ1/y48QG4=","JKaht0gy7WuGUfkaZB3FLTL+GltA9O2dDGWrVLpSWl4=","t/1todR0ZJlwMYISOG9UrA4Clylj+PJ1zCG+YUP3hx8=","YXCZzmp75QTO/yTPbShvphDcrG3fIXBgmgfjeG/CjsI=","Mfz0HpEmWZNEp3i9k1BV/3oW43K8E7Q2upzdLRL3bBI=","jFBYANsSLEhwaOUFlUImMQZpytJTsWVD/4z/ysXSRqk=","BuLXYPc2X1FntzXGAdec4O5HPH5wmpXBUfOkeNDb3h4=","IMiU6nc3vjROhoRnZRuDcvkGykF/6TIdGCFK9NQlQ0o=","0pfwnAIKqO3qE2eSnNKbz22G8KSBImQagIILGM7vJYc=","u6+iOJWJ1v1XSZ7e57Oxdh+aTmuBmEom9GpS4tMYrzU=","E9HcIqcHs+R+nAJ7+6GgSncyOET+B6LuBa/3QltU9jQ=","fmlZ0ZTFa5iUnMKGRWaKmo4cI6DPE2WU0GOcdmcDmb8=","mbLIHRAfPT/kNyowGcJjM5NP77DI+RyCN/AJw00yKHw=","Quwtsz1eVPjNDoIPWKOisNBwW7UdjOSmcXexV7Zuw5o=","qgOHOt3UVaX82/iJfAncZlPej5qQmshWnJ6zBAnM4A4=","UOAsMadpgVmQLf6RVTssCHb6HlTP+FaHZ9KfLxtTI9Y=","gVPRgon0F+dkKXA48aFtgk5dTmpavFj0D0TuuiG4ZiQ=","iXJzJCGUOKhX79nBi8V9V0i6JX/jH1CNKC/BNqJQJSc=","brHBmASV8mLr61hWlQR9YwgknsnCCWd3tqllKl3oxsk=","+VApHzCU5XW08MPeNRWz7kGAQlQp/aeKuRIQD9W8Zc8=","MsiWzczeg7IihSepG3G6S2jbMfZfq77mBSzgegzuIro=","zqdoiRM22XH8VsnjQVersO+GDKnUA5by7Jbw9j+Xrlk=","12Sf3UqzXuj8V4SMfUKMXlvoErep0IBFO80m8AFWbdw=","4pR9IAKgy32s9I5u1BIOFtZY5Uhp6Gcxb1nlZjJxo0E=","vXIFL/FvtAUTypUDzB3eZKdnuQ9+Hv5kBruH0oKqW2A=","3p8elGzvmZZ8v7NwJN4iGdYUlgkUTTLXw8yl5zwERaE=","t9L1BGHwk4MV8kKHpCQziBxJts0rztwdXZImXsXvwuc=","xwgGWprIVdtTe6vsreBVVgrD4U6s+xKG71Xu67J1llM=","sERwb/d0OAFfn5ZTVIW/BV7yhV/VmBDa4IakF84n6BQ=","2Qb0cGeoen1/FchzKBtnE4JmgwuWQ8Rb0ghDA5KTG+I=","w8g3MpMe6l1auWxhb5nrr6DJZnH4Qdh205HZaVBvrXU=","uzY5jf366/2ayfcM3SmHLCW1WKlDkO4ap5eZbNMIAT0=","drhrOCAfgknPBXEcC+4CF6XBjdcBquw35ED3uHMZXus=","rBQ9HcGYK6gYrQFHnFRhahAqZN12YyMgf9bRoT42Dio=","aa4riXgOYU6D219Bhn5e6tJfDF0tyE0DNXYhozbAc7I=","VCX5CnCwrLD+Y1AdYqpfhQ1/QTJr+9B1r6rhtwLldaA=","J5LcLh+oOkw7VKd2gZOfb9pI6PZ3LW84fj4xDhc0Tsw=","CFvrh0rbT2zFX9sMI1QRcPu8v0Z4xAQFGrmSAEwLr0g=","653AjYLiiydQrhQN55q7HMuTT25EsOIOIrypopgq3sE=","IpaPIyNd1RC6xZQ7OqG8Xz3FjJ9XNEzK+W0hgOuEwZA=","KKGIvFrwaPaqmYhaIJ8kxxY16GBzo8jheNikvMSk6h8=","Jqnu9nJHv5/dVacaM6t+FBx5ZgdBeAkSh6aQsH15vzM=","/iVZ1sCdhzIIM4cGL3wyf7CIVus+V0NtUzzHMZ+vSKU=","K0r8fqG4codaYQYSsSnUZ/+8TPZDIOnzxoPXAy8lJVM=","H6HBdqWNLp7KNl1HoYRHqOsWD/gi3BakTsQSyJpxZy4=","OSToAb23wJ751f/7kvGDlaYaGAzzNJ3CLEW2wz0VCjE=","8Rj42+ZW2YpaYuGX9fVrIsUeQIseENyKTnAFMXS0ijI=","sIvkdTJs3H0DsZjc+CVdOBp5OPQAv6TpsVi9EgdZjFg=","68bzo+5PGqC9c4IGalqsi4rkgWNoi1o7E41MO9vr3xU=","sI99ypk3pGkobssxc40JGt5AIorecMwxtz46iDWyRVw=","boVFLIPTIdIsnDbJ7vABlODtUhKgr0DsEVMn4NRaZdc=","vtogKisSMFYOO5zzwriTJPjBwU8qmrWVnpVvuUXwJ1g=","4SWEhJpknY+WERRq3NM8hCLABHwpqTHf4RB7na6OSL4=","1/J4GUV4+y39Wu2Z+1cEZkAueh+Vdv43BZvSKC8rY+0=","uz7DWtUCpXV5yx7NPqh5nwvstW7ITvoNSfP3MpIMVe4=","ljyTEm5cbuCklbsPXY02iaF9nBtxs1IdmLhrqafpDJU=","Wu5jg7clrkmjt1ktVo12ZjSCZHxSeYYLqEzhtCwo448=","ZtNGJW1FiIBx5hIsHP7i5BV2xglvw4zwtEayLi33R7o=","jQgme0BRvDmZtpIIQINFeeVTnSFn9buwNkF88aaLXRk=","bSnzTwBpXBhbBwr2tumhq5bQ1XQjbMSNgTlmQ/Hu5Ao=","ELKhizPaQF+JjHAPUIRT9UPIPnVXMRtRBWY6qwNOVhg=","nho03ikTILWssRq9twzBJi+5raSv0jBRlrjdSJNdc30=","ESbNwzbwLKteS5GmXqJy5nLJE0T9aRF5ftG0RRfO/4w=","CQHEVaFqW5KJszhhLbapZb7gMzNTLAlQPZ+LeZPWeGo=","gBLKuUIIBjtlPNWajpawIBFmbb1pKGKPkGeDpsTN1CI=","nTxqUe6o2LrJNnaFJnepgl5yZMuRswGVszZ53q1suhE=","0zSoyMSbA9OBu3qXY6jUdZDb1zrGno5fNi9TWPwgwqY=","HrwC9RSjCaJs8hXVRT/9sLRP6I4RRZEm/oe/R/yOlvs=","e8i9x7iT1ctOChjMYJ1pCEN3+JTEkYMQarYM/eI96hM=","AbNDbbyZLjD2ocLYPaFX0lCVWweHrIilg7Iv6jJgqlg=","qVBungtEt1Vi6RVzwKrcOeSU/kG7lW1/TlcUiq6Aig8=","gfBZvzDCfpt57B1RQXYF2kxENYqzKNG2fjfj8NY742w=","fGhE1vcVMKddBkyBxTYZVlMCD0MmYGyK9fempsteWAI=","rQw/eubKFMopQKYaOo2tW0QJ/6rjijZW8CMDsonLUiI=","5TnUeKL1p80GVc6FMYwXPM6UUU3TqFVc4hhDC0gtN5A=","MpO7UXNa0XfuDNdodpyAwyGZ2UyickeTmhGARUn4Ryk=","yk4xZPKzReqZL5LKsnX1G2J0gIVmACh3fsG/AfOrKXE=","uaDsjXtWWCrXGnOQn8bTHOdnT6eoJPmxLtZ0Va89U0Y=","nMyRrWUryOXvuUtJkR5hhs5qsNag3dkwcUrn28h8+tU=","7ImsoE+yUT1T65XGbn+tSjEnhOdk6Qv89OrLjNprTRc=","ABx4C3OaIoaZlYKZ3cpG8h/PSm4leaKJCejCjwC03CY=","6A9TVcYD1FWVPcdBS0KKlJQJVPXy8r+0fLA7UFL+MEU=","zD04g0+/MrkCP/l/ejWyGQ6VZzICgIrsqHmhm1i1jZ4=","G4EfOMlw8deJ5gUKrdclNJKSyxmsH/+k+hUAwEBxEN8=","118981qPFCPZVmLMEjFEBeE/z9Ysx6Hlhu4E5y7wm6Y=","TNu7tc8kSQyWRVJ2L3Aw+ncg2nD9FqbNLOdKnYXBtm4=","2qwYRh6zXksiPH39uZFVuzcOVgompaH54mWLJjQzlAk=","W7A2JEkO+AI+t2XhTYaSqiHmyVBhRv4S+z3dqgUgf9U=","ZeuBFhLL1kqqRo3ezBwCvGAz2AQdaIDiBfzFbrRxOeY=","vXzv+S06HcGlBQtbakApsoPPVrYPK9cYNZKvyzWQvLc=","EZW4U1PUjDj5BUYIjJdqlza3aX5obf5qfpRwuy2uLa4=","0LLKMYqfR1YhXXuPRWCfztjU1heKwfSbCgQewuUfaJY=","tvFuTzFvSzg/cOWZMv8m21bmaQ/NYdSQH+OFxPXjeug=","nlXF0bkf+wDr33uZdpDGkmFn3LIAzV4P/h8AZslDq5Y=","Hbwwsf2Y7AFd7zsHIEb3LY3jofhbqIc8HbpVvCh0Iz4=","8F2Zv9kNhNFThvdY6YjWjTpTu3JPaTsIXls0jdI3gDY=","+5KKo8B/SGYps5sKxp5FjCkvDbMFVpdfuOd0LBwkQBw=","7JwOXwH6oIKjj9zf4ioBSYzB7jzF4yr89G+HexsaHF4=","zWWiekUyj5NclkykjIlVewzu9k+wAt3SBFFVinO7ONw=","ImLoAOM0hS1iG/m838Bq29hb63rOh5FbnB/TaUJLTYc=","zUaif22pXCoTLKv3N13FT7/kQBGbVutIi9uHIE73OQA=","ElBGIQAU5v0Ske2ZrhZfRGzbz9ZkCzw/FF9ZStigChk=","G63shK+S7636F7lyeaHL8nx/32Poy6FLF9Sl5GQS6DY=","QXleDAnGVYaB8irb8a5NLrbBZ2ZGWazWElcfDhDPCo0=","XogPPfuERvpRaXC4JYBdMgNxyNYqn0g9PIYzH7TNUe4=","3yc+EfY/F3Ck81jCven3ZVm6XThSMUQekonm7gz798E=","hCM4vPcoBKi1i5/eMwHMc3F25Ap9QZEkTy7eysllwF8=","ACT49tY7aTuMLvWdmAXOYZSi/ufEOF3HN1XaWEzRrmc=","BvtnM126GTVi1ULOnzOxQi1lgLEHeLo9UUIh5GkFPT8=","0ykJCl42Eu9SHYR9M/E/GLArsH+JI+tjm8KE+Qfin4g=","b2tc2QE4p/Wov+r/f3eo8aSd5SYul3xE0eSkgR6gxLo=","MfeEV72DxwO5LjdqBwqboFIxEpAWKygAM+qd/zq4Tb4=","E9bKegNgOJpHKxv761mbm+abpwstyVbeLXTENaRayzQ=","uZkI9MQFFOxBZTBMB6o+1oPQ+kvqIuAG5rdtTujabiQ=","wwEJTGMLVRHPioI0fx8VpKdF6PZkIrGupQ7gcZA6OlE=","Ngf7miJ4IwrVnBdQQ8DbO+xjn/VV3EoNeKy9riSDAb8=","bgb/XYFPJd99+2xlyeMQnH8LQLPyTlR6Bv2JQzb3Okw=","l6bQJjn4VKrYDwX8xU4a17Coz843gHJ5T8/iWAk/WOM=","2RDhRMTMOfJUBGR/RNUCcMhDDV7u6ZHjpkjz7mz1nP4=","gcp72i91zK8A86GEB+UE5KminXjk2sE6cSyap8XIhWk=","pSlINhU6BPbel7v3cVeLmCb4iimcRg43+sXIE+ruph8=","ATDAYbBmeaScWA6c3FCIlLzaxkxBedthyTEpZyL0MIY=","y+q8TS34kScaqDPYc6xJWU0NLdBdMr02ry1oPWoTXIM=","j8KYp0mmrUjfEGIejUIidfyhIgkjgFROXXbDrKiHLac=","Ojss03SU4/UbVusPtXv5xuLEZfG3zhnpxvdIy/QXNSg=","6ZaT3bI4in6dZDvLMHn1zm0tTSZl0dTggsQuC33a68E=","26PwZZMk9MRJMpnfl/ADrCbhulndtHUmHLgfBQfSitY=","msL1z4GFFOH5QSR4IK2YYwS876auf68IdXgFDx18zmg=","RfXkAZDbr3SUeUoEeOMi7pTKwUdV5TIXyH/owDd0DLA=","jk1i/Vaq0tfO7u7bPFNudopkUeKjZP0xVWKuvau4Lao=","Kdp3WlbxThLeUELUAQpgZ37c6FM/BRNQkyf2K3QisRE=","mPeQM76DwPn7sTD7pxtVg2snDltg4px6nwSljKjxues=","WiSBwH5MMkXO/KKEW3kdL52UNL5VxpOwSIYFKmxzkOI=","d5mZY5qY5vx6hw5MVExZK9JuzWbVb8mSuDGZVSG3pUo=","BoIlHjNw2SMfR67ifSwEgrVgQqdU1iXEwAkI56IjEm4=","d1JSLnU+eI1cikL234e881CF1UBtqaV+zlowZpB1sws=","J7a8VqiW1tu22DicJevhUJUyPBdVax3BNOKaZu8ObBQ=","xYaH53CVbCrbEM6FBr/rNTy2rEAx8mIxwvPtgathVsI=","Z+H62F4md1cHpnLFk6Mx72QkKsOP+LgWNIICBo3C7vo=","u99IqrcL4XSlg+IU2lJs+qwbyHLh9gXthVcc/Wawaa4=","m4B+Y2lHL9oBbID0u4o4kJSZKLXqvpyqoCCWpkHrYN0=","h6T4qvAOxxCmBf2hoBBsQ4VsxKnfV6Hbpu6tSAlIciI=","pEoKN/7sYGR+OY0GpA/1GzbyqhxjgD89Izw3k4njiUY=","iwLfM7T+ZBfeMmpvTGlpWj+QUR4cvqL4xDshIswR5A4=","Ta6YRtpXpLkCrhlqss/elCM9INhWz2svzUNq1ycbA+c=","/oosat+BBxav4DK3MqnBoxuNYVBpqTLuxQxJu4tMNvs=","Njr1pL+wVyYWUGD7aXIWMyjFueVIuN98ROK1VzldvHI=","fiyvPHTXAUEeCwVNMZipnToQTIvdm3jtsu+kepFuCHI=","7LcK5ta/ZhHl1zddibIf1qRbt0OaoWrlXD9KirK7zZU=","g3XZZO4QatuJ8IVyWtKhWQazBk3Ce+w0DEoAO+V5LEQ=","rurcm2MSvAcVYGtF9J+wIbnsR4t/lWFJySjh3cFQnlY=","r0gmWkQK7r7U7O0iOPKJHe69k9upX2LvaH+WEML3KUI=","wGI6CUy7sLiiZYGs95zxRdNttktF9Nw6fmNwbRoVBQ0=","rWdC1atVVdqe+RvtiNhcQs3/1uNPlO1dslqAWr5oQ2Q=","cJLHdKqvuYfj6zKS4YHpXxXvlyS8yH2KvHUpDtOdYp4=","Omw+K2I+Q1yGd/L9otuDQ4ENhszRUoIcD5+a9CenqLI=","VjuKfvp8y+lVypbzJT1hndJ/uGrev8nS27B0okArwQY=","1SwGNnDjOqWBxcPai36JS6Yq5eHfyZNmQYk6mL0AcKA=","zgPVM9dd78lRHWzwcjsjdBqgLHZYmj1o+r38xvpZwSM=","43mq+DXrOxCPFdYAK++dNkVoIXxQ7wXlWR+WXOggmPs=","4NfA+N2GEwPK6aVLOqXL43HUeX7Sg4eF3jXzCxYJFiA=","14NzG7DUTBNqw003SvUq2nR9+cK7V6PRcvAyF0XKdgg=","zAdIN8/RWnCQg61fI+Ec1Wimc9bQF8Pk3pKGNEMSJ8E=","MBfjqYlpQCzHvSsmSquoO5BtwjrAs2H1bTaYxIg7nhQ=","p18HIhosAKcVhR4oW9pnEXFsxsFMh5ta33GN5Ch08C8=","bO9lqEDXMatKHePGT59UGqOHvSbA3aVOnh5aKNJMZ08=","cKfaKP/heeU78FcU6PI+2jEmxcVvDlCIgJ3gXmn9xUg=","lj6XBP1XeCY6Q992XwXiWM9rb/t1ak3IwJTzh6hFBIM=","/1FTHIMXJA97e5gEJ3CTEE9LkTyg1zwxA4wzW2pmPnw=","WSPyuAgY5bbPJF9+ehwVtrZd2Jwmds9CFd5JPlHownY=","E/vocITklZBtUaN8TjLAwn+nXkUkgzWTTEVHWEFUIFM=","Meu5tRaQHvbWdWJTVRAWzZC+ZeGQZ6hRcrNLFizvOJk=","ICyo1vBRFIkRU/ybPDWgWS95euYZ7r/gU/CVntQX+6k=","B6oShnpiqxcbFleB3cR5Gxwb1HJvgbdYPP5e86OOWSg=","pvH0GjP/O9QsreHfclqBr4y+1nRg+j5JPWz9ZEY0chQ=","JyH62MUZX/T8/J1vFMiEYQWiu+C9SxcwFOHmGIzxrSU=","zp4hzxrpYZbDjU8dXErVjrLBWEdiBjotR+iIpXx0wT8=","M0Mat9gn3PLouiuUDDEEf47ftXFw2xV6cCKZXU2H6WU=","Ok6t82MoaJHscbyujtrjdexXodpqRE3dpfjbJYmeeUs=","GF+4eMURDEISMXHbyBH1rGRlFaHKtbqeTevh6zr0Wrs=","ujgCnF0zruILcMxlwWMPe0kGi0qqdEDV6I3kt+Avq6E=","ucJiUkM8wsMyC/ubS2KE74GG50bbor9fjF0mn7BHeX8=","tC2m3chKrOW4dES5XCPcsFxij7guk7/VSReidbabybo=","0/FjwQ+0wXwvsltLeHH2lsECElQWQCKeTNbkgcplP9o=","hFsrQcbV4xbJdkPD6q8z7pYI5iekn9RqzM1atjvRgOo=","XdfFkyd0N2iwkmgqPqXKQ2kp8/g9XtoRuVH6AY7/D8w=","DWKeAO/GbF8EQNtV8LvQI9HzQVsfLhQH+XjV0NzrXl8=","KW5N2TTyLW11Zhb7O11SRTBPbgULD2sEPtzWs4bm6vA=","bSEAgIKaZqxEcvFACOLJNOGo9tPpdTEJxGmXnVwU5pw=","M/w9G1kNxvljczPr2iS2yIdMqIc+m9OPljjnM7HkJwc=","sGOR9rd3s96yiVJ9UxkJi+PK+g+F33O9vq4hVQr7IaE=","1kkRFdXrX3fkkJhxOSNrT3w/nz8rygIa46ni5XpNsmc=","PG49m8G24MoAzWRtrJ8S7+AxpDjhjqHZbl22HjH4ZyM=","0rtbIFFZCuPfndJEbHVpHcoM7TeDwNKSa59HAHnwe7k=","refhR8C5HG02ne7bcK894b/WEUS2rNGIiC70ZX7Sl6s=","EpDGIw77ZIfurDU61X+sIoxa/CuDh4v8YyLPkMpjmF4=","e+IvHYobBMtHPFrWfw2nIDSJ+VlN3NnNZhd5y3j2mW4=","mIg+2vypxwIL7mASHcp71zzEfBrPvLHYFKjzD4y49go=","O+erXvr7v4vHw6vD8UEUDeGLD739KrgZZm+6cmCFORo=","tF+/bdxmaWkftpdoTbp+2NitEaoCyBLu6NayP6/Yxco=","NXi9EHsqWqwfCSrGic/UuT2d+GnHlnrELq5j2jAktfI=","ySqNmDNbdZvFSh/I1xwXHxsRnIo9p2aFuy0FpIaTuAE=","miDKa7ZZTUMqAz9xrtZT6SdZa1gwhU9E6PIDYpIHUdI=","cgZpNGC8OYk88w5RSudCKUF1cKNIwMd8Kh5DWkDcK7c=","ByoU0HDZ3aeCItBa8kPbYcYDUoxPlYF4fPlZ/F3mRzY=","5VGH5N90dWLxK0eYSlUMtbakLoY85hBp31oBSynBUhA=","khgywze77iuPvj84L4b9x1fvfgE+TPoxORj8Fb8cbVU=","3kMYwLBy2qx2hlzyTncf+ARW+kJ7pHcb2+1DaFf5n7g=","Ivqg3yArrDwv2OHcoLJAjiwwjOp22tDYty/ckdvjHMk=","5wlGTdVeCDSIjWy6zPshMk9NFcdyIDcXOnXf3MsS7lQ=","QUTHOHKK5OcfQyJMuukygwSn/Y42B9ZG4yrTu1r2YsQ=","uB0XexCCgNFZOXomAMomm4RIgsrQi4blSSThde2fHoA=","WBNm4f7jLIRW3Z3Zg8LuyatxIekiMDkeabObG+kWTi0=","R1fhtFoug6z37WP6Q0oWV9ER7hX4/wTnbgaFNQyqtKI=","0Qj3yXZwGqjYswfLKlpthlGlaIKqjhbpWnswg+6/LMk=","dWtgNb+ZkxJ8OtmhNoOsWlKQFZQ79HJuaO0Lc5jbVGA=","dDMT+kEG8nJdygUHmAVmjhEPx0eTD11cSNY9sRQS6jo=","1yc4foXB5sYQfRYFhMrd5aROu8AbJzwytSafHAyvmv4=","VJ+Wvf4Z0+dXVFqjxOwYDLZLZaGOO9w03wfGcQD2qlU=","NzwH8fPCc7aJzWkRXR2VG4tGF5LgALR1Bg+F2EQIWoY=","U6bOHqKhbNGT3meDE/HBoxF2Pi11rvezi3TJyF2FSfI=","8QJpxOIfrEm4Z55e6i4FHOdy78zR1OXQwItWxSjQyew=","liAPs9MTYdcakIkjq+vIatBgExCWzln5Gd1eBwA6zPg=","nE7AFaknl+MvGq+g1+UEG3Wl+c9mY5jYfVZpOsz2TlQ=","7ceqCQAMrj5Ji/vAJDaV5BngXkugca9EhB/sMeydC3Y=","KGM0GnUek6nZ7nGqKZhDx+qSyzLfG4RjVq7L1JvDfiM=","Q2A0aSc6pFXCMcmxFsiAkb4BmyQ7L2meQHzxeoEISyE=","2V3O+tCDsxS9fzLm1OSxbYLkc9Yz6Epyh5MmJ9d7NHE=","Og/Mf2pCLVYxaMdQcsBbZbE+oTfoHvPYoB02PNBhKSs=","M6nZ605LeWylDmH5pAVNrhOgafbKuZCfVXk9sma4ynM=","QW9i2bryMK2ZonqbfTRj1VtF9RuSKErrWK4Q32zRHGA=","e7SAeXyVgM/8xTmfdHXgJsnPky0b9uFpC/FKkyRTI9E=","eTC2LUiGBan7RgsW2qmX4HAJs+v8DLoqFjJGUtklPAM=","C4Y697CLD1ZpNOtQCa0WoTZehmGDxq+Y8vXsY5w2I7o=","ORJRyzDM25Gz9+iHmYZyy+u6IwFj45+dIfWiEl00fJw=","GvXlfVjdxLjr0zsYOOS0ZYj/Lh0z1I8LiRSaM7pZooA=","roBrSEoC0KcUr9umi3LAsfHDqGiEIFqokkYhplUWu0E=","mfA5xiWXQZsSFzvZ40d9naqK5cI5NCMhE49X/IlFHhw=","yqdbQJ8lZvaibODd5/pxSI4t6UUlUsnOVwSTjQkxbsw=","7SPmki1RNTwuauDRonBYCBNrg9iRKaXOjLGThihn9Jw=","FC142bX0kYDqzfseMxlz0KjA3kO0GKONPjvcPk7/Fr0=","XIOLvkWnKPw2ZEapqPx0C8KQ3iuDrIj117zzfveksL0=","CW8cvhhaqZXLMqqxwdYcdN1oWE8/FwiZaJWLc1m0hZE=","JujG3Rn5PLzVv4isa2kw7vlTP7bnWuJvrUrl5qHKD6I=","wM8INOlHtNZBAWE3LwR+cZI+E9Gsqci9vwH72QT2yLA=","GQBSMDU0z4rnWhIKLxEODO+762ON5iZ1flOjGPobwjY=","dg7QjewD8KI2UdDj27PsENSGahcOXMJX6p5Yuzr3AjU=","GyIxhW3mOWIAeUGakjHiRl1SbwaAlJhz+syZ1g5juqU=","PcUT5TG2XMh8abSPj8nBd8H9hITvACPV97VYeYywnCg=","ObYZsCtx/cjy/fBsEqwzZ1Ado81KJcv+/D/00XOQlQE=","qUKyMujJ0s73tKPaLb6/LuGkeMPGwLYPBet3Fb+5cJE=","lZf8kaPZZbw+39KBKiXNZpl8c4zJIELfV2oNSW+okpo=","r0C16Oo1jKDF/qN+s2jDvquEOs3/eHpc8zcLomi6GFY=","2r/hWOf7EFnXmlF5J/QjipyPaAJ+bfGJx1QsIZGthj4=","5HUXyCrqYkXE7e4Py/byoig33qSwyQtq/RmtI7yRPgU=","7v10CDZ7ImKx0jXHCk5x9x98RmzcZBDt26Ny+0OL/ug=","ciMuZWEuqcPGUKAETUBm4U8+ijJ40bjxWJ4D3JuEPAw=","TblP25DlJltwbRe30IXHfewLyFj48Aaf2mGxM5QP6r0=","D0u2Ffd2a+Uq6pypee4iiwvONb5obXcULBmGjX+/MOM=","YTu2AUNvE/o+cysIGzwBnaePXupi05G7w9ErEPznLbU=","8nWYMGwIJzoSdRQSvtlkBSj6cD9DH9b8Cbe6yydpfWQ=","Eky9xCcri6DKAqwNoYmzWfsop+RT/yS+2klebILT0QY=","oRSIANbWi9ojXFn22jSB7wvDgsMv3NUZtET53ryfK0Q=","a+G+W7GB+OeUI3SGztPkJh5V3P49nxEgYVk0KnngG6o=","ZL44EQOjfhUD4OpX6rBemSm8re8PSvEMBOOsCeT3oLY=","sBjSf7HufT4xfv0r8wUrPZd2wGwtxF7MAjQK84M9iDM=","eiqf8O18FE6eTjZcADFpuIzTm7oOgLqTdxonBU6/94E=","p5Ey28r4gLtjMTILEI4AhI+b9DHvM3o9OOWTW7t3chQ=","X4NIUtGAoQlVkHpFk90PKA3+41/cIO7q8l9a4jjM440=","vu+S4onT/EppWjbtb5AKsWRU48lAoOdkTJ4tSPdRgVw=","boEa76wa+Zx4zBnpOD8WJWXo0JDEEJavAVmPMogTSs4=","2GTlJcG4mQgALz/W0r8EOwJO9sMVhM45U/98CjDMQDE=","Ex3/n4fILje2C422WXZ4ZDuz+5Lop+fDp/ghrvjSPGA=","dwb0w3eoEb8JaCfUlYLtLqK/YJNqy9ps8Dduxe+iGAk=","xCZJBuYRQaWnkzSBCd8Ih3wZLc6Ybmo7D+pLy6XYEuo=","8HqMzr9yPmdwJdRrhVYz4Nd1Y70mC+PZB4R/nlL13Ak=","je3xqrreXM/GMkrv++AKCquEBHRGgNJwjMclMGVQHEY=","5t9C2qET+F2FvXSYiRGbroFv5DYL3JsbUIakoDGvMhk=","Dk7lu9NZuSJNy1C1XjuTM0CJ63eQwv71+aMgDCusszg=","Fm5/Qb6alP2pGQ1/FzBL/oaM16/5W3OFDC5PJehK16A=","HIcRVBkgQeW/AGOmUIBUmxB/AMJdfN2Pqox9DYM4OEE=","bt2FqzWmqkL5NHthzR5W7pFNfKKAzeZwPEUP950pPmk=","1wpmdVv8Pjca1yTkjnfmYyymjyRrp8h2JWOBwMQzAfw=","SFq497qLAbXUvClAkF+7x5qWqnYrvzoQ9ypoXJh1DDY=","xlFZ7BgHh+eIoksHJe0Sz3TOTbG/LCnRADvgGHB+thI=","2hEsNWWAM9Bci7qw7oG7Zd+swEOZAvIESCZ2HxlegY8=","5u9dX89nSUfpOXSu9wSX+mTRVSiCBed4HtQ6pf2pVLo=","gtRzIu0HHGhbLePhV0A/ZHvaEFzUaqjGSg/AnaHOUhw=","bChBZRTrgzmZb9SC+yMdCt8+PVjgvBFq2J1ycv10lm0=","jxXlR7PPTGvsP8IOyZTWYdZ4Ve+d24WhAPb27tZ/WpQ=","qZsYr3xYvvyehqPK3VQbjYsgZ8ZSTM2nl4dsnktYFg8=","4u09F5qhVAdmjCnaROij7htfLnN+wFco3iSQ1WMxwe4=","nQNKsSWK5eTPPaRBBQz6KT5ZKZbjWa2DcNbMQ22GvP8=","hr5awwfFUv3MH2+k+f0JQg/TCn+CJ/sX3aPuhc0JGnA=","aO2Ts3wmOzo4T3JZPulMpb+CwoP8OYagnQ1QwSjqhQE=","KIC5j3a47V/2SE+kDehGrXz3MsAdFMUhvRf8GJtSw1g=","hnPCoVt7hjhYl5GBUreMQouCiFiPpRSiyB5s8NSVERY=","8G8rJuHlSTmidOviRyTW5Ogw4olj1Lyn6Hb95c83u6U=","EuA2V6eRPXSpk2MF4WWnKd9N/vh62LCjytYWaKj4tSw=","lhL+ev7YfZ12ylxC8+xRwuj0lWwYZdhF9Q+BOkHnFYs=","t8xlTdi82GKb107WQToY2eVpXhOaowRnMDfqUhiVbQ4=","5hGWg0Bdup2wT3Tgh9kXAhFZbut3FvCEKJHkLq+Va6c=","qo35L1DQYf62pHJetcLS/lARu+zhQiITLCnTYZk492k=","cD8RmrxSGSdfw67zkxTAy4T0uQQEfyfHKWF0h+t1QVU=","ua4yxlqnsjhdDYxwemC7Ct1D/aRIufH0k5M95Mp9eJ4=","71ORwlxYIeWyx3AzNfE1JhVZPNSiU+/0uaxn+nL/c1o=","2CC+udux1kff+GvliOA/75KJCC+HTqFBdiHudN6N/AU=","pVCa7KpSfY9ZsPPBUsbW6ePuJAtrVT48ip3A5wIpd2Y=","EqgjbXxKRHRpN2evg75gPn0L/oAh4IWWy8qg+xNUc14=","tcOhc7g2MA7aKwyDYPbhbmTxDMFzBaATpn0YKlTx/uE=","vIfhRW6QQNywzFoXzLugLDADPH39GPEoVlCfpkPiYxk=","6fiW9ZYPj9JU5qBfdhlixyAHwG7e9Da3JgP7Vz6wZVU=","G9pWgQu1Pw6gMpbxH8PPtYX5gL+WLKNuKz3OEFCC2rI=","zedHlYvQ3jDgAInQBHKex/g0RYhy20vdSYLwWpBaULU=","l4NUKmqtK3eOMJxPWXr2rXtCvopNCDFjC6NDtER5baQ=","844zwX11T8WBwxqmWy4i5194SkdEWHWBwbCVrppJiC0=","ahVXdhs4Ihn8qCziUMEnfepu/bY9176Kyh3LldHhg/o=","kJ3qB103CgkxoFZpjHfS0lPTICJlda46RzE1F/vBTr8=","NGEjw5qsOe2juEgjW1rH4dmuNhWxuAz8CEWWnXX/jCE=","J4y6PkZsVo4y25o3iMaPuDZcSLv+YXB6jJzWuVpP600=","5kpK//XNcSVLFCFSWhFgVPAuRHpdOf2mVj8N6SEuHTY=","SwVog0rlrTyZ8xYJ/XXPJNyX2Rm+03LRSYThjX8FjaQ=","XQ4LCb3vkkUXqKq/pZXNyvM9tlTGS7u+jvCg+ZE1H4Q=","1/1knxKHoBn+bNDr4FjMF0bFxpeUh0XyhPHRyE58XBk=","GwbboeqpauYi5ZDKf9FPMDclDwyQRpxkIZV8dE82NfE=","W0HK3fEiMZvobyZil7k92laQMuUBuXlqNsIi8wjSv5E=","y6MKt2EDZccNjkaCD/mpwLjNTltpACnPZ4WUlnQlaKM=","FwuDK2MmR2wHo9MmERub/Nsa2xLJmabvH+D/iOuo854=","AGXGUbUzOs+mhpAolADB+qJ8JLlDj479KuZdfwGQeIw=","C1nFLIP0DTxDzJpxMzIuoH9thcX7dOIWf6h3SPHyuzk=","ZHis4D8DPuS2GpR3l30iKszPbfmSK0C+NwMcnGX9Tfg=","YrZ4ykZCgc2NiRasGYR+RGXHLD6YGeHiFTW1z+0zPJk=","RJKQ6RFG6LdlVoBLsSqUgw0HqaRSVMtTffXzH5uhf44=","fxUa7cpUHJl1zH0FObtruUtoWVIJZMfPjSLPAihqI8U=","pFz++uEk5uebz2VhWhgCLbcYpBKL2BmURTaJ/J3lqHI=","/5OE+o3LMelLHnxr2irIY3bQdyv4yYtOX4xhOMQa+Ik=","j78yt/hWqSXKEsEbRz5DAXiBsysqis/YmLmSv1qABS8=","LzxDsx8Fqu3bCz3hfoOJigjrfclZggYrHznvbasWziU=","lREQyLrHTFW/BBNsheg3VWu+bk3CSNdPCBAvf70CStU=","yUSAbkG9d8+A1uArk09a/U3Xaw4eWaqlUiOtKpFoxtQ=","ovedoFyvDWCce3/3YIEVw1//s1NGlFBHEXH/lGTsnuE=","tJYAH0cQ3G62QfaeODXa5xrTCsvTv+IuvERALEm0LWA=","WF5hVLmKI5Q+wPB8Iug9LRNVD6zrWadk7VHw5+4zAKw=","2Aoe8fwij2ZaUSEVO5qDenKWxowpDjQary6QIXmkaW8="],"block_size":4096,"path":"popup.js"}],"version":2}